rank,elpd_loo,p_loo,elpd_diff,weight,se,dse,warning,scale,model
0,-419.863522892887,7.313051012261894,0.0,0.6493395835147712,8.244924933433248,0.0,False,log,BVBGM
1,-420.3428637357389,5.435852661680656,0.4793408428518138,0.35066041648522883,8.408889148878702,1.8460478527965896,True,log,VBGM
