rank,elpd_loo,p_loo,elpd_diff,weight,se,dse,warning,scale,model
0,-656.9978115547312,12.198307020428501,0.0,0.7761978092141812,12.745566946285514,0.0,False,log,BVBGM
1,-661.9063834630949,7.690263374462575,4.908571908363742,0.22380219078581876,13.358203402939706,4.802087971831929,False,log,VBGM
