rank,elpd_loo,p_loo,elpd_diff,weight,se,dse,warning,scale,model
0,-737.2169300439782,11.558043844460713,0.0,0.9999999993262634,14.16190239597789,0.0,False,log,VBGM
1,-958.367765233977,200.41455747865166,221.15083518999882,6.73736622047727e-10,11.513134223307526,9.635827246234888,True,log,BVBGM
