rank,elpd_loo,p_loo,elpd_diff,weight,se,dse,warning,scale,model
0,-266.19744542547664,5.219617398978414,0.0,1.0,7.141487537969603,0.0,False,log,VBGM
1,-266.96527322901414,5.77819265137083,0.7678278035375072,0.0,7.247431078582956,0.6188287385826265,True,log,BVBGM
