rank,elpd_loo,p_loo,elpd_diff,weight,se,dse,warning,scale,model
0,-125.83813879895153,4.508027094593288,0.0,1.0,3.3878190043331875,0.0,False,log,VBGM
1,-127.33201380019509,5.34260655282084,1.4938750012435786,0.0,3.3797960089278765,0.753977713268877,True,log,BVBGM
