rank,elpd_loo,p_loo,elpd_diff,weight,se,dse,warning,scale,model
0,-396.49836586296874,5.96666507526254,0.0,1.0,8.77149780351315,0.0,False,log,VBGM
1,-397.3582246520475,7.330234391413228,0.8598587890787588,0.0,8.71585835912856,0.5978828838991883,False,log,BVBGM
